ordernumber;mainnumber;name;additionalText;supplier;tax;price_EK;pseudoprice_EK;baseprice_EK;from_EK;to_EK;price_H;pseudoprice_H;baseprice_H;from_H;to_H;active;instock;stockmin;description;description_long;shippingtime;added;changed;releasedate;shippingfree;topseller;keywords;minpurchase;purchasesteps;maxpurchase;purchaseunit;referenceunit;packunit;unitID;pricegroupID;pricegroupActive;laststock;suppliernumber;weight;width;height;length;ean;similar;configuratorsetID;configuratortype;configuratorOptions;categories;propertyGroupName;propertyValueName;accessory;imageUrl;main;attr1;attr2;attr3;purchasePrice;metatitle
SW10003;SW10003;Hauptartikel mit ESD Download;;Shopware Freetime;16,00;0,97;0;;1;beliebig;;;;;;1;0;0;;<p>Lorem ipsum dolor sit amet, consetetur sadipscing elitr, sed diam nonumy eirmod tempor invidunt ut labore et dolore magna aliquyam erat, sed diam voluptua. At vero eos et accusam et justo duo dolores et ea rebum. Stet clita kasd gubergren, no sea takimata sanctus est Lorem ipsum dolor sit amet. Lorem ipsum dolor sit amet, consetetur sadipscing elitr, sed diam nonumy eirmod tempor invidunt ut labore et dolore magna aliquyam erat, sed diam voluptua. At vero eos et accusam et justo duo dolores et ea rebum. Stet clita kasd gubergren, no sea takimata sanctus est Lorem ipsum dolor sit amet.</p>;0;2017-10-05;2017-10-10 10:04:32;;1;0;;1;;;1,0000;1,000;;9;;0;0;;0,000;;;;;;;;;;Elektronik;Artikeltypen:Download Artikel;;;;;;;;;;;;;;http://shopware.p562114.webspaceconfig.de/media/image/ec/01/5b/download.jpg;1;;;;0;
SW10006;SW10006;Hauptartikel mit Kennzeichnung Versandkostenfrei und Hervorhebung;;Shopware Fashion;16,00;14,62;0;;1;beliebig;;;;;;1;50;3;;<p>Lorem ipsum dolor sit amet, consetetur sadipscing elitr, sed diam nonumy eirmod tempor invidunt ut labore et dolore magna aliquyam erat, sed diam voluptua. At vero eos et accusam et justo duo dolores et ea rebum. Stet clita kasd gubergren, no sea takimata sanctus est Lorem ipsum dolor sit amet. Lorem ipsum dolor sit amet, consetetur sadipscing elitr, sed diam nonumy eirmod tempor invidunt ut labore et dolore magna aliquyam erat, sed diam voluptua. At vero eos et accusam et justo duo dolores et ea rebum. Stet clita kasd gubergren, no sea takimata sanctus est Lorem ipsum dolor sit amet.</p>;;2017-10-05;2017-10-10 10:04:10;;1;1;;1;;;1,0000;1,000;;9;;0;0;;0,150;;;;;;;;;;Kleidung;Größe:M|Material:Leder|Zielgruppe:Mann|Artikeltypen:Hervorgehoben|Artikeltypen:Versandkostenfrei;;;;;;;;;;;;;;http://shopware.p562114.webspaceconfig.de/media/image/02/ba/72/handschuh.jpg;1;;;;0;
SW10007;SW10007;Hauptartikel mit Eigenschaften;;Shopware Fashion;16,00;19,49;0;;1;beliebig;;;;;;1;50;5;;<p>Lorem ipsum dolor sit amet, consetetur sadipscing elitr, sed diam nonumy eirmod tempor invidunt ut labore et dolore magna aliquyam erat, sed diam voluptua. At vero eos et accusam et justo duo dolores et ea rebum. Stet clita kasd gubergren, no sea takimata sanctus est Lorem ipsum dolor sit amet. Lorem ipsum dolor sit amet, consetetur sadipscing elitr, sed diam nonumy eirmod tempor invidunt ut labore et dolore magna aliquyam erat, sed diam voluptua. At vero eos et accusam et justo duo dolores et ea rebum. Stet clita kasd gubergren, no sea takimata sanctus est Lorem ipsum dolor sit amet.</p>;;2017-10-05;2017-10-10 10:03:41;;0;0;;1;;;1,0000;1,000;;9;;0;0;;0,000;;;;;SW10005.4;4;;Größe:S;;Kleidung;Größe:S|Größe:M|Größe:L|Größe:XL|Material:Baumwolle|Material:Polyester|Zielgruppe:Mann|Artikeltypen:Mit ähnliche Artikel;;;;;;;;;;;;;;http://shopware.p562114.webspaceconfig.de/media/image/84/65/d3/hemd.jpg;1;;;;0;
SW10008;SW10008;Hauptartikel mit Ressourcen;;Shopware Fashion;16,00;5,84;0;;1;beliebig;;;;;;1;100;10;;<p>Lorem ipsum dolor sit amet, consetetur sadipscing elitr, sed diam nonumy eirmod tempor invidunt ut labore et dolore magna aliquyam erat, sed diam voluptua. At vero eos et accusam et justo duo dolores et ea rebum. Stet clita kasd gubergren, no sea takimata sanctus est Lorem ipsum dolor sit amet. Lorem ipsum dolor sit amet, consetetur sadipscing elitr, sed diam nonumy eirmod tempor invidunt ut labore et dolore magna aliquyam erat, sed diam voluptua. At vero eos et accusam et justo duo dolores et ea rebum. Stet clita kasd gubergren, no sea takimata sanctus est Lorem ipsum dolor sit amet.</p>;;2017-10-05;2017-10-10 09:40:51;;0;0;;1;;;1,0000;1,000;;9;;0;0;;0,100;;;;;;;;;;Kleidung;Größe:M|Material:Baumwolle|Zielgruppe:Kinder|Zielgruppe:Frau|Zielgruppe:Mann;;;;;;;;;;;;;;http://shopware.p562114.webspaceconfig.de/media/image/44/02/6f/socken.jpg;1;;;;0;
SW10014;SW10014;Artikel mit Bild-Konfigurator;;Shopware Fashion;16,00;253,44;0;;1;beliebig;;;;;;1;100;10;;<p>Lorem ipsum dolor sit amet, consetetur sadipscing elitr, sed diam nonumy eirmod tempor invidunt ut labore et dolore magna aliquyam erat, sed diam voluptua. At vero eos et accusam et justo duo dolores et ea rebum. Stet clita kasd gubergren, no sea takimata sanctus est Lorem ipsum dolor sit amet. Lorem ipsum dolor sit amet, consetetur sadipscing elitr, sed diam nonumy eirmod tempor invidunt ut labore et dolore magna aliquyam erat, sed diam voluptua. At vero eos et accusam et justo duo dolores et ea rebum. Stet clita kasd gubergren, no sea takimata sanctus est Lorem ipsum dolor sit amet.</p>;;2017-10-05;2017-11-08 09:29:38;;0;0;;1;;;1,0000;1,000;;9;;0;0;;0,000;;;;;;7;2;Design:Standard;;Kleidung;Größe:S|Material:Baumwolle|Material:Polyester|Material:Leder|Zielgruppe:Frau|Artikeltypen:Bildkonfigurator;;;;;;;;;;;;;;http://shopware.p562114.webspaceconfig.de/media/image/70/98/11/handtasche_0.jpg|http://shopware.p562114.webspaceconfig.de/media/image/7e/72/9e/handtasche_1.jpg|http://shopware.p562114.webspaceconfig.de/media/image/70/98/11/handtasche_0.jpg;1|2|2;;;;0;
SW10005.4;SW10005.4;Variantenartikel;;Shopware Fashion;16,00;19,49;0;;1;beliebig;;;;;;1;50;5;;<p>Lorem ipsum dolor sit amet, consetetur sadipscing elitr, sed diam nonumy eirmod tempor invidunt ut labore et dolore magna aliquyam erat, sed diam voluptua. At vero eos et accusam et justo duo dolores et ea rebum. Stet clita kasd gubergren, no sea takimata sanctus est Lorem ipsum dolor sit amet. Lorem ipsum dolor sit amet, consetetur sadipscing elitr, sed diam nonumy eirmod tempor invidunt ut labore et dolore magna aliquyam erat, sed diam voluptua. At vero eos et accusam et justo duo dolores et ea rebum. Stet clita kasd gubergren, no sea takimata sanctus est Lorem ipsum dolor sit amet.</p>;;2017-10-05;2017-10-10 09:42:07;;0;0;;1;;;1,0000;1,000;;9;;0;0;;0,500;;;;;SW10007;3;;Farbe:Weiß|Größe:M;;Kleidung;Größe:M|Größe:XL|Material:Baumwolle|Zielgruppe:Frau;;;;;;;;;;;;;;http://shopware.p562114.webspaceconfig.de/media/image/55/38/fc/shirt.jpg|http://shopware.p562114.webspaceconfig.de/media/image/23/9f/5a/shirt_red.jpg|http://shopware.p562114.webspaceconfig.de/media/image/f8/57/2e/shirt_blue.jpg;1|2|2;;;;0;
SW10009.8;SW10009.8;Artikel mit Auswahl-Konfigurator;;Shopware Fashion;16,00;24,37;0;;1;beliebig;;;;;;1;75;5;;<p>Lorem ipsum dolor sit amet, consetetur sadipscing elitr, sed diam nonumy eirmod tempor invidunt ut labore et dolore magna aliquyam erat, sed diam voluptua. At vero eos et accusam et justo duo dolores et ea rebum. Stet clita kasd gubergren, no sea takimata sanctus est Lorem ipsum dolor sit amet. Lorem ipsum dolor sit amet, consetetur sadipscing elitr, sed diam nonumy eirmod tempor invidunt ut labore et dolore magna aliquyam erat, sed diam voluptua. At vero eos et accusam et justo duo dolores et ea rebum. Stet clita kasd gubergren, no sea takimata sanctus est Lorem ipsum dolor sit amet.</p>;;2017-10-05;2017-10-10 09:59:59;;0;0;;1;;;1,0000;1,000;;9;;0;0;;0,550;;;;;;5;1;Farbe:Weiß|Größe:S;;Kleidung;Größe:S|Größe:M|Größe:L|Größe:XL|Material:Baumwolle|Material:Polyester|Zielgruppe:Mann|Artikeltypen:Auswahlkonfigurator;;;;;;;;;;;;;;http://shopware.p562114.webspaceconfig.de/media/image/33/86/cc/hose_white.jpg|http://shopware.p562114.webspaceconfig.de/media/image/5a/91/78/hose_red.jpg|http://shopware.p562114.webspaceconfig.de/media/image/9b/b0/70/hose_blue.jpg;1|2|2;;;;0;
SW10010;SW10010;Hauptartikel mit Grundpreisberechnung;;Shopware Food;16,00;4,87;0;;1;beliebig;;;;;;1;200;20;;<p>Lorem ipsum dolor sit amet, consetetur sadipscing elitr, sed diam nonumy eirmod tempor invidunt ut labore et dolore magna aliquyam erat, sed diam voluptua. At vero eos et accusam et justo duo dolores et ea rebum. Stet clita kasd gubergren, no sea takimata sanctus est Lorem ipsum dolor sit amet. Lorem ipsum dolor sit amet, consetetur sadipscing elitr, sed diam nonumy eirmod tempor invidunt ut labore et dolore magna aliquyam erat, sed diam voluptua. At vero eos et accusam et justo duo dolores et ea rebum. Stet clita kasd gubergren, no sea takimata sanctus est Lorem ipsum dolor sit amet.</p>;;2017-10-05;2017-10-10 10:02:56;;0;0;;1;;;0,5000;1,000;;1;;0;0;;1,000;;;;;;;;;;Essen;Zutaten:Zucker|Zutaten:Milch|Zutaten:Pfeffer|Artikeltypen:Mit Zubehör-Artikel|Artikeltypen:Grundpreis;SW10012;;;;;;;;;;;;;http://shopware.p562114.webspaceconfig.de/media/image/7c/21/c4/tube.jpg;1;;;;0;
SW10011;SW10011;Hauptartikel mit Abverkauf;;Shopware Food;16,00;2,44;0;;1;beliebig;;;;;;1;0;0;;<p>Lorem ipsum dolor sit amet, consetetur sadipscing elitr, sed diam nonumy eirmod tempor invidunt ut labore et dolore magna aliquyam erat, sed diam voluptua. At vero eos et accusam et justo duo dolores et ea rebum. Stet clita kasd gubergren, no sea takimata sanctus est Lorem ipsum dolor sit amet. Lorem ipsum dolor sit amet, consetetur sadipscing elitr, sed diam nonumy eirmod tempor invidunt ut labore et dolore magna aliquyam erat, sed diam voluptua. At vero eos et accusam et justo duo dolores et ea rebum. Stet clita kasd gubergren, no sea takimata sanctus est Lorem ipsum dolor sit amet.</p>;;2017-10-05;2018-03-09 11:46:35;;0;0;;1;;;1,0000;1,000;;9;;0;1;;0,000;;;;;SW10012;;;;;Essen;Zutaten:Salz|Zutaten:Milch|Zutaten:Weizen|Artikeltypen:Mit ähnliche Artikel;;;;;;;;;;;;;;http://shopware.p562114.webspaceconfig.de/media/image/e9/43/a3/brot.jpg;1;;;;0;
SW10012;SW10012;Hauptartikel mit Cross-Selling;;Shopware Food;16,00;4,87;0;;1;beliebig;;;;;;1;10;1;;<p>Lorem ipsum dolor sit amet, consetetur sadipscing elitr, sed diam nonumy eirmod tempor invidunt ut labore et dolore magna aliquyam erat, sed diam voluptua. At vero eos et accusam et justo duo dolores et ea rebum. Stet clita kasd gubergren, no sea takimata sanctus est Lorem ipsum dolor sit amet. Lorem ipsum dolor sit amet, consetetur sadipscing elitr, sed diam nonumy eirmod tempor invidunt ut labore et dolore magna aliquyam erat, sed diam voluptua. At vero eos et accusam et justo duo dolores et ea rebum. Stet clita kasd gubergren, no sea takimata sanctus est Lorem ipsum dolor sit amet.</p>;;2017-10-05;2017-10-10 10:01:40;;0;0;;1;;;500,0000;500,000;;2;;0;0;;0,000;;;;;SW10011;;;;;Essen;Zutaten:Fisch|Artikeltypen:Mit Zubehör-Artikel|Artikeltypen:Mit ähnliche Artikel;SW10010;;;;;;;;;;;;;http://shopware.p562114.webspaceconfig.de/media/image/e4/b8/06/fisch.jpg;1;;;;0;
SW10013;SW10013;Hauptartikel mit Bewertungen;;Shopware Food;16,00;1,94;0;;1;beliebig;;;;;;1;40;4;;<p>Lorem ipsum dolor sit amet, consetetur sadipscing elitr, sed diam nonumy eirmod tempor invidunt ut labore et dolore magna aliquyam erat, sed diam voluptua. At vero eos et accusam et justo duo dolores et ea rebum. Stet clita kasd gubergren, no sea takimata sanctus est Lorem ipsum dolor sit amet. Lorem ipsum dolor sit amet, consetetur sadipscing elitr, sed diam nonumy eirmod tempor invidunt ut labore et dolore magna aliquyam erat, sed diam voluptua. At vero eos et accusam et justo duo dolores et ea rebum. Stet clita kasd gubergren, no sea takimata sanctus est Lorem ipsum dolor sit amet.</p>;;2017-10-05;2017-10-10 09:43:51;;0;0;;1;;;250,0000;250,000;;2;;0;0;;0,000;;;;;;;;;;Essen;Zutaten:Zucker|Zutaten:Milch;;;;;;;;;;;;;;http://shopware.p562114.webspaceconfig.de/media/image/c0/cf/37/schokolade.jpg;1;;;;0;
SW10001;SW10001;Hauptartikel;;Shopware Freetime;16,00;448,35;0;;1;beliebig;;;;;;1;10;2;;<p>Lorem ipsum dolor sit amet, consetetur sadipscing elitr, sed diam nonumy eirmod tempor invidunt ut labore et dolore magna aliquyam erat, sed diam voluptua. At vero eos et accusam et justo duo dolores et ea rebum. Stet clita kasd gubergren, no sea takimata sanctus est Lorem ipsum dolor sit amet. Lorem ipsum dolor sit amet, consetetur sadipscing elitr, sed diam nonumy eirmod tempor invidunt ut labore et dolore magna aliquyam erat, sed diam voluptua. At vero eos et accusam et justo duo dolores et ea rebum. Stet clita kasd gubergren, no sea takimata sanctus est Lorem ipsum dolor sit amet.</p>;3;2017-10-05;2017-10-10 09:44:42;;0;0;;1;;;1,0000;1,000;;9;;0;0;;0,170;;;;;;;;;;Elektronik;Zielgruppe:Kinder|Zielgruppe:Frau|Zielgruppe:Mann|Material:Kunststoff;;;;;;;;;;;;;;http://shopware.p562114.webspaceconfig.de/media/image/2f/5d/6e/mobile.jpg;1;;;;0;
SW10002;SW10002;Hauptartikel mit E-Mail-Benachrichtigung;;Shopware Freetime;16,00;926,54;0;;1;beliebig;;;;;;1;0;0;;<p>Lorem ipsum dolor sit amet, consetetur sadipscing elitr, sed diam nonumy eirmod tempor invidunt ut labore et dolore magna aliquyam erat, sed diam voluptua. At vero eos et accusam et justo duo dolores et ea rebum. Stet clita kasd gubergren, no sea takimata sanctus est Lorem ipsum dolor sit amet. Lorem ipsum dolor sit amet, consetetur sadipscing elitr, sed diam nonumy eirmod tempor invidunt ut labore et dolore magna aliquyam erat, sed diam voluptua. At vero eos et accusam et justo duo dolores et ea rebum. Stet clita kasd gubergren, no sea takimata sanctus est Lorem ipsum dolor sit amet.</p>;7;2017-10-05;2017-10-10 10:04:49;;1;0;;1;;;1,0000;1,000;;9;;0;0;;45,000;1,000;1,000;1,000;;;;;;;Elektronik;Zielgruppe:Frau|Zielgruppe:Mann|Material:Edelstahl|Material:Kunststoff|Artikeltypen:Benachrichtigung;;;;;;;;;;;;;;http://shopware.p562114.webspaceconfig.de/media/image/59/55/1e/waschmaschine.jpg;1;;;;0;
SW10004.2;SW10004.2;Artikel mit Standard-Konfigurator;;Shopware Freetime;16,00;29,24;48,74;;1;beliebig;;;;;;1;10;0;;<p>Lorem ipsum dolor sit amet, consetetur sadipscing elitr, sed diam nonumy eirmod tempor invidunt ut labore et dolore magna aliquyam erat, sed diam voluptua. At vero eos et accusam et justo duo dolores et ea rebum. Stet clita kasd gubergren, no sea takimata sanctus est Lorem ipsum dolor sit amet. Lorem ipsum dolor sit amet, consetetur sadipscing elitr, sed diam nonumy eirmod tempor invidunt ut labore et dolore magna aliquyam erat, sed diam voluptua. At vero eos et accusam et justo duo dolores et ea rebum. Stet clita kasd gubergren, no sea takimata sanctus est Lorem ipsum dolor sit amet.</p>;;2017-10-05;2017-12-07 12:56:07;;0;0;;1;;;1,0000;1,000;;9;;0;0;;0,000;;;;;;6;;Ausstattung:Full;;Freizeit;Größe:M|Material:Baumwolle|Material:Polyester|Zielgruppe:Kinder|Zielgruppe:Frau|Zielgruppe:Mann|Artikeltypen:Pseudopreis|Artikeltypen:Standardkonfigurator;;;;;;;;;;;;;;http://shopware.p562114.webspaceconfig.de/media/image/aa/31/b2/rucksack_2.jpg|http://shopware.p562114.webspaceconfig.de/media/image/ce/95/29/rucksack_1.jpg|http://shopware.p562114.webspaceconfig.de/media/image/54/a9/06/rucksack_0.jpg;1|2|2;;;;0;
G10001;G10001;ADAMEK Babeczki Budyniowe 900g Käkse;;ADAMEK;5,00;4,6;0;;1;beliebig;;;;;;1;10000;0;;<p>Beschreibung</p>;3 – 5 ;2020-08-07;2020-08-07 11:20:43;;0;0;;1;;;;;;;;0;0;;0,000;;;;;;;;;16;;;;;;;;;;;;;;;;;;;;;0;
G10002;G10002;ADAMEK Bajbuski 700 gr Käkse;;ADAMEK;5,00;3,62;0;;1;beliebig;;;;;;1;10000;0;;<p>Beschreibung</p>;3 – 5 ;2020-08-07;2020-08-07 09:48:41;;0;0;;1;;;;;;;;0;0;;0,000;;;;;;;;;16;;;;;;;;;;;;;;;;;;;;;0;
G10003;G10003;ADAMEK Bobicoco 900gr;;ADAMEK;5,00;5,49;0;;1;beliebig;;;;;;1;10000;0;;<p>Beschreibung</p>;3 – 5 ;2020-08-07;2020-08-07 09:48:41;;0;0;;1;;;;;;;;0;0;;0,000;;;;;;;;;16;;;;;;;;;;;;;;;;;;;;;0;
G10004;G10004;ADAMEK Bobifii 800gr Käkse;;ADAMEK;5,00;4,41;0;;1;beliebig;;;;;;1;10000;0;;<p>Beschreibung</p>;3 – 5 ;2020-08-07;2020-08-07 09:48:41;;0;0;;1;;;;;;;;0;0;;0,000;;;;;;;;;16;;;;;;;;;;;;;;;;;;;;;0;
G10005;G10005;ADAMEK Kleo Owoce LENE 800 gr Käkse;;ADAMEK;5,00;3,92;0;;1;beliebig;;;;;;1;10000;0;;<p>Beschreibung</p>;3 – 5 ;2020-08-07;2020-08-07 09:48:41;;0;0;;1;;;;;;;;0;0;;0,000;;;;;;;;;16;;;;;;;;;;;;;;;;;;;;;0;
G10006;G10006;ADAMEK Pomelo 700gr Käkse;;ADAMEK;5,00;4,21;0;;1;beliebig;;;;;;1;10000;0;;<p>Beschreibung</p>;3 – 5 ;2020-08-07;2020-08-07 10:07:59;;0;0;;1;;;;;;;;0;0;;0,000;;;;;;;;;16;;;;;;;;;;;;;;;;;;;;;0;
G10007;G10007;ADAMEK Teofilki 800gr Käkse;;ADAMEK;5,00;5,19;0;;1;beliebig;;;;;;1;10000;0;;<p>Beschreibung</p>;3 – 5 ;2020-08-07;2020-08-07 11:00:37;;0;0;;1;;;;;;;;0;0;;0,000;;;;;;;;;16;;;;;;;;;;;;;;;;;;;;;0;
G10008;G10008;Admiral Paprikarz Szczecinski 300g x 18St.;;Admiral;5,00;0,78;0;;1;beliebig;;;;;;1;10000;0;;<p>Beschreibung</p>;3 – 5 ;2020-08-11;2020-08-11 10:53:22;;0;0;;1;;;;;;;;0;0;;0,000;;;;5907653115875;;;;;19;;;;;;;;;;;;;;;;;;;;;0;
G10009;G10009;Agro Top Smalec 320 gr Gesu w lojku;;Agro Top;5,00;1,85;0;;1;beliebig;;;;;;1;10000;0;;<p>Beschreibung</p>;3 – 5 ;2020-08-11;2020-08-11 10:53:22;;0;0;;1;;;;;;;;0;0;;0,000;;;;;;;;;19;;;;;;;;;;;;;;;;;;;;;0;
G10010;G10010;Agro Top Smalez Kaczy 320 g;;Agro Top;5,00;1,56;0;;1;beliebig;;;;;;1;10000;0;;<p>Beschreibung</p>;3 – 5 ;2020-08-11;2020-08-11 10:53:22;;0;0;;1;;;;;;;;0;0;;0,000;;;;;;;;;19;;;;;;;;;;;;;;;;;;;;;0;
G10011;G10011;Agruf Sucha Krakowska  Wurst;;Agruf;5,00;5,88;0;;1;beliebig;;;;;;1;10000;0;;<p>Beschreibung</p>;3 – 5 ;2020-08-11;2020-08-11 10:53:22;;0;0;;1;;;;;;;;0;0;;0,000;;;;;;;;;19;;;;;;;;;;;;;;;;;;;;;0;
G10012;G10012;Agruf 300gr x12 st Turystyszna Konzerwa;;Agruf;5,00;0,97;0;;1;beliebig;;;;;;1;10000;0;;<p>Beschreibung</p>;3 – 5 ;2020-08-11;2020-08-11 10:53:22;;0;0;;1;;;;;;;;0;0;;0,000;;;;;;;;;19;;;;;;;;;;;;;;;;;;;;;0;
G10013;G10013;Alex-Pol Kapytka Staropolska 450 gr x8st;;Alex-Pol;5,00;1,27;0;;1;beliebig;;;;;;1;10000;0;;<p>Beschreibung</p>;3 – 5 ;2020-08-11;2020-08-11 10:53:22;;0;0;;1;;;;;;;;0;0;;0,000;;;;5900232750405;;;;;17;;;;;;;;;;;;;;;;;;;;;0;
G10014;G10014;Alex-Pol Kartacze z Miesem 500g x 8 st.;;Alex-Pol;5,00;1,66;0;;1;beliebig;;;;;;1;10000;0;;<p>Beschreibung</p>;3 – 5 ;2020-08-11;2020-08-11 11:08:29;;0;0;;1;;;;;;;;0;0;;0,000;;;;5900232750887;;;;;17;;;;;;;;;;;;;;;;;;;;;0;
G10015;G10015;Alex-Pol Kluski Slaskie 450g x 8 st.;;Alex-Pol;5,00;1,46;0;;1;beliebig;;;;;;1;10000;0;;<p>Beschreibung</p>;3 – 5 ;2020-08-11;2020-08-11 10:53:23;;0;0;;1;;;;;;;;0;0;;0,000;;;;5900232750313;;;;;17;;;;;;;;;;;;;;;;;;;;;0;
G10016;G10016;Alex-Pol Kluski Slaskie z Miesem 450g x 8 st.;;Alex-Pol;5,00;1,46;0;;1;beliebig;;;;;;1;10000;0;;<p>Beschreibung</p>;3 – 5 ;2020-08-11;2020-08-11 10:53:23;;0;0;;1;;;;;;;;0;0;;0,000;;;;5900232750344;;;;;17;;;;;;;;;;;;;;;;;;;;;0;
G10017;G10017;Alex-Pol Knedeli ze Sliwka 450 gr x 8st;;Alex-Pol;5,00;1,76;0;;1;beliebig;;;;;;1;10000;0;;<p>Beschreibung</p>;3 – 5 ;2020-08-11;2020-08-11 10:53:23;;0;0;;1;;;;;;;;0;0;;0,000;;;;5900232750368;;;;;17;;;;;;;;;;;;;;;;;;;;;0;
G10018;G10018;Alex-Pol Knedeli ze Truskawka 450 gr x8st;;Alex-Pol;5,00;1,66;0;;1;beliebig;;;;;;1;10000;0;;<p>Beschreibung</p>;3 – 5 ;2020-08-11;2020-08-11 10:53:23;;0;0;;1;;;;;;;;0;0;;0,000;;;;5900232750351;;;;;17;;;;;;;;;;;;;;;;;;;;;0;
G10019;G10019;Alex-Pol Krokety z Kapusta i Gryby 500 gr x 8 st Kart;;Alex-Pol;5,00;1,76;0;;1;beliebig;;;;;;1;10000;0;;<p>Beschreibung</p>;3 – 5 ;2020-08-11;2020-08-11 10:53:23;;0;0;;1;;;;;;;;0;0;;0,000;;;;5900232750849;;;;;17;;;;;;;;;;;;;;;;;;;;;0;
G10020;G10020;Alex-pol Krokety z mjasem 450grx 8st;;Alex-Pol;5,00;1,76;0;;1;beliebig;;;;;;1;10000;0;;<p>Beschreibung</p>;3 – 5 ;2020-08-11;2020-08-11 10:53:23;;0;0;;1;;;;;;;;0;0;;0,000;;;;5900232750825;;;;;17;;;;;;;;;;;;;;;;;;;;;0;
G10021;G10021;Alex-Pol Pirogi z Grybami Lesnymi 450g x 8 st.;;Alex-Pol;5,00;1,85;0;;1;beliebig;;;;;;1;10000;0;;<p>Beschreibung</p>;3 – 5 ;2020-08-11;2020-08-11 10:53:23;;0;0;;1;;;;;;;;0;0;;0,000;;;;5900232750870;;;;;17;;;;;;;;;;;;;;;;;;;;;0;
G10022;G10022;Alex-Pol Pirogi z Jagodami 450g x 8 st.;;Alex-Pol;5,00;1,95;0;;1;beliebig;;;;;;1;10000;0;;<p>Beschreibung</p>;3 – 5 ;2020-08-11;2020-08-11 10:53:23;;0;0;;1;;;;;;;;0;0;;0,000;;;;5900232750474;;;;;17;;;;;;;;;;;;;;;;;;;;;0;
G10023;G10023;Alex-Pol Pirogi z Kapusta i Grybami 450g x 8 st.;;Alex-Pol;5,00;1,56;0;;1;beliebig;;;;;;1;10000;0;;<p>Beschreibung</p>;3 – 5 ;2020-08-11;2020-08-11 10:53:23;;0;0;;1;;;;;;;;0;0;;0,000;;;;5900232750382;;;;;17;;;;;;;;;;;;;;;;;;;;;0;
G10024;G10024;Alex-Pol Pirogi z Kapusta i miesem 450g x 8 st.;;Alex-Pol;5,00;1,56;0;;1;beliebig;;;;;;1;10000;0;;<p>Beschreibung</p>;3 – 5 ;2020-08-11;2020-08-11 10:53:23;;0;0;;1;;;;;;;;0;0;;0,000;;;;5900232750375;;;;;17;;;;;;;;;;;;;;;;;;;;;0;
G10025;G10025;Alex-Pol Pirogi z miesem 450g x 8 st.;;Alex-Pol;5,00;1,66;0;;1;beliebig;;;;;;1;10000;0;;<p>Beschreibung</p>;3 – 5 ;2020-08-11;2020-08-11 10:53:23;;0;0;;1;;;;;;;;0;0;;0,000;;;;5900232750337;;;;;17;;;;;;;;;;;;;;;;;;;;;0;
G10026;G10026;Alex-Pol Pirogi z Serem 450g x 8 st.;;Alex-Pol;5,00;1,56;0;;1;beliebig;;;;;;1;10000;0;;<p>Beschreibung</p>;3 – 5 ;2020-08-11;2020-08-11 10:53:23;;0;0;;1;;;;;;;;0;0;;0,000;;;;5900232750320;;;;;17;;;;;;;;;;;;;;;;;;;;;0;
G10027;G10027;Alex-Pol Pirogi z Serem i Truskawka  450g x 8 st.;;Alex-Pol;5,00;1,56;0;;1;beliebig;;;;;;1;10000;0;;<p>Beschreibung</p>;3 – 5 ;2020-08-11;2020-08-11 10:53:23;;0;0;;1;;;;;;;;0;0;;0,000;;;;;;;;;17;;;;;;;;;;;;;;;;;;;;;0;
G10028;G10028;Alex-Pol Pirogi z Spinatem i Serem 450g x 8 st.;;Alex-Pol;5,00;1,56;0;;1;beliebig;;;;;;1;10000;0;;<p>Beschreibung</p>;3 – 5 ;2020-08-11;2020-08-11 10:53:23;;0;0;;1;;;;;;;;0;0;;0,000;;;;;;;;;17;;;;;;;;;;;;;;;;;;;;;0;
G10029;G10029;Alex-Pol Pirogi z Truskawkami 450g x 8 st.;;Alex-Pol;5,00;1,56;0;;1;beliebig;;;;;;1;10000;0;;<p>Beschreibung</p>;3 – 5 ;2020-08-11;2020-08-11 10:53:23;;0;0;;1;;;;;;;;0;0;;0,000;;;;5900232750450;;;;;17;;;;;;;;;;;;;;;;;;;;;0;
G10030;G10030;Alex-Pol Pyzy Ziemniaczna 450g x 8 st.;;Alex-Pol;5,00;1,27;0;;1;beliebig;;;;;;1;10000;0;;<p>Beschreibung</p>;3 – 5 ;2020-08-11;2020-08-11 10:53:23;;0;0;;1;;;;;;;;0;0;;0,000;;;;5900232750429;;;;;17;;;;;;;;;;;;;;;;;;;;;0;
G10031;G10031;Alex-Pol Pyzy z Miesem 450g x 8 st.;;Alex-Pol;5,00;1,46;0;;1;beliebig;;;;;;1;10000;0;;<p>Beschreibung</p>;3 – 5 ;2020-08-11;2020-08-11 10:53:23;;0;0;;1;;;;;;;;0;0;;0,000;;;;5900232750436;;;;;17;;;;;;;;;;;;;;;;;;;;;0;
G10032;G10032;Alex-Pol Russkie Piroge 450 grx8st;;Alex-Pol;5,00;1,46;0;;1;beliebig;;;;;;1;10000;0;;<p>Beschreibung</p>;3 – 5 ;2020-08-11;2020-08-11 10:53:23;;0;0;;1;;;;;;;;0;0;;0,000;;;;5900232750399;;;;;17;;;;;;;;;;;;;;;;;;;;;0;
G10033;G10033;Alex-Pol Uszka Kapusta + Grybi 350 gr x 10 st;;Alex-Pol;5,00;1,76;0;;1;beliebig;;;;;;1;10000;0;;<p>Beschreibung</p>;3 – 5 ;2020-08-11;2020-08-11 10:53:23;;0;0;;1;;;;;;;;0;0;;0,000;;;;5900232751792;;;;;17;;;;;;;;;;;;;;;;;;;;;0;
G10034;G10034;Alex-Pol Uszka z Grzybami Lesnymi 350g x 10 st.;;Alex-Pol;5,00;1,56;0;;1;beliebig;;;;;;1;10000;0;;<p>Beschreibung</p>;3 – 5 ;2020-08-11;2020-08-11 10:53:23;;0;0;;1;;;;;;;;0;0;;0,000;;;;5900232751112;;;;;17;;;;;;;;;;;;;;;;;;;;;0;
G10035;G10035;Alex-Pol Uszka z miesem 450g x 8St.;;Alex-Pol;5,00;1,85;0;;1;beliebig;;;;;;1;10000;0;;<p>Beschreibung</p>;3 – 5 ;2020-08-11;2020-08-11 10:53:23;;0;0;;1;;;;;;;;0;0;;0,000;;;;5900232750412;;;;;17;;;;;;;;;;;;;;;;;;;;;0;
